Epoch,Training Accuracy,Training Loss,Validation Accuracy,Validation Loss
1,0.6455459594726562,1.474234938621521,0.7621412873268127,0.9538211226463318
2,0.7664250731468201,0.7759383320808411,0.7819531559944153,0.7939239740371704
3,0.7886369228363037,0.6725829839706421,0.7884986400604248,0.7666183114051819
4,0.7944821119308472,0.6220998167991638,0.8107065558433533,0.7086458206176758
5,0.8110825419425964,0.568752646446228,0.8081350922584534,0.693622887134552
