Epoch,Training Accuracy,Training Loss,Validation Accuracy,Validation Loss
1,0.2090545892715454,4.694186210632324,0.38107118010520935,2.9234704971313477
2,0.4607190489768982,2.42254376411438,0.6034597754478455,2.109755516052246
3,0.5532622933387756,1.9464778900146484,0.6378908753395081,1.892817497253418
4,0.576564610004425,1.7453556060791016,0.6600133180618286,1.7719268798828125
5,0.610519289970398,1.6317187547683716,0.6734863519668579,1.675567626953125
