Epoch,Training Accuracy,Training Loss,Validation Accuracy,Validation Loss
1,0.5693243145942688,1.7022684812545776,0.6975629925727844,0.9189656376838684
2,0.734860897064209,0.8809561133384705,0.7555958032608032,0.7498893141746521
3,0.7741407752037048,0.7410573363304138,0.783063530921936,0.6655275821685791
4,0.7923778295516968,0.646776020526886,0.8021156191825867,0.6178914308547974
5,0.8043020963668823,0.6343190670013428,0.8098883628845215,0.6074793934822083
