Epoch,Training Accuracy,Training Loss,Validation Accuracy,Validation Loss
1,0.6204730272293091,1.5178552865982056,0.8247275352478027,0.5802221894264221
2,0.8359201550483704,0.5258232355117798,0.8828745484352112,0.421270489692688
3,0.8774944543838501,0.4056471288204193,0.8984389305114746,0.3599046766757965
4,0.8843311071395874,0.36739709973335266,0.9031498432159424,0.3275511562824249
5,0.8933850526809692,0.3292343020439148,0.9126639366149902,0.3077645003795624
