Epoch,Training Accuracy,Training Loss,Validation Accuracy,Validation Loss
1,0.541389524936676,1.8073688745498657,0.7857934832572937,0.7844129800796509
2,0.7522172927856445,0.75899338722229,0.8137816190719604,0.6086499094963074
3,0.8032150864601135,0.5826809406280518,0.8495751023292542,0.5264171957969666
4,0.8178122639656067,0.534416913986206,0.8497598171234131,0.473450243473053
5,0.8355506062507629,0.47757017612457275,0.8677720427513123,0.4376053214073181
