Epoch,Training Accuracy,Training Loss,Validation Accuracy,Validation Loss
1,0.4354194402694702,2.403623580932617,0.576347291469574,1.5026735067367554
2,0.6145139932632446,1.4337399005889893,0.66450434923172,1.2698029279708862
3,0.6604527235031128,1.2281502485275269,0.713406503200531,1.1418081521987915
4,0.6924101114273071,1.1151838302612305,0.7145708799362183,1.0611754655838013
5,0.7137150168418884,1.0430837869644165,0.7210578918457031,1.0258976221084595
