Epoch,Training Accuracy,Training Loss,Validation Accuracy,Validation Loss
1,0.9959543347358704,0.017295582219958305,0.9996934533119202,0.007466822862625122
2,0.996965765953064,0.013421788811683655,0.9996934533119202,0.007397781126201153
3,0.9977664351463318,0.012614313513040543,0.9996934533119202,0.0015311605529859662
4,0.9981878995895386,0.008277648128569126,0.99979567527771,0.0021144358906894922
5,0.9986093044281006,0.0065110730938613415,0.9998467564582825,0.0027117410209029913
