Epoch,Training Accuracy,Training Loss,Validation Accuracy,Validation Loss
1,0.9952930212020874,0.014977538958191872,0.9966893792152405,0.017767474055290222
2,0.9904342293739319,0.03380515053868294,0.9944822788238525,0.030656980350613594
3,0.9934710264205933,0.02541407011449337,0.995769739151001,0.027974234893918037
4,0.993015468120575,0.029873983934521675,0.9966893792152405,0.013901474885642529
5,0.9927118420600891,0.025650568306446075,0.9983446598052979,0.014052881859242916
