Epoch,Training Accuracy,Training Loss,Validation Accuracy,Validation Loss
1,0.9484854936599731,0.19007788598537445,0.9861003160476685,0.07623153924942017
2,0.9574978947639465,0.14315101504325867,0.988944947719574,0.0629463791847229
3,0.9645904302597046,0.11540596187114716,0.9905611872673035,0.054537154734134674
4,0.9670435190200806,0.10270411521196365,0.9919834733009338,0.04938209429383278
5,0.9703498482704163,0.09435655921697617,0.9923713207244873,0.04548614099621773
